dayssincelastord,percdirtythirty,numvisitthreeone,numvisitseventhree,numvisitthirtyseven,numvisitsixtythirty,numloggedinone,numloggedinthreeone,numloggedinseventhree,numloggedinthirtyseven,numsecondsonsiteone,numsecondsonsiteseventhree,numsecondsonsitethirtyseven,numtotalpageviewsthirtyseven,numatcone,numatcthreeone,numatcseventhree,numatcthirtyseven,numideaboardseventhree,dayssincelastvisit,numsearchtermsthreeone,numsearchtermsthirtyseven,percsecondsinbound,percemailopenedone,percemailopenedthreeone,percemailopenedseventhree,percemailopenedthirtyseven,dayssinceenrollment
468.31434588139643,0.18770152680469668,1.9330293099266032,3.1845779674514607,12.029076849650792,11.872180424408992,0.8226753245413261,1.370243378704922,2.195719936929166,8.373414058386789,3358.6627742905757,8685.637158375119,29780.663830829893,237.41857939433723,0.3312757077515719,0.49651467744555033,0.7301072058543109,2.258972391006788,0.5662399005184615,238.2662003762097,1.5929535461053554,7.422855527542568,0.16166401042976491,0.33826758726827766,0.3195555030064087,0.30011095219749057,0.28218507588667885,74.90522064586311
