dayssincelastord,percdirtythirty,numvisitthreeone,numvisitseventhree,numvisitthirtyseven,numvisitsixtythirty,numloggedinone,numloggedinthreeone,numloggedinseventhree,numloggedinthirtyseven,numsecondsonsiteone,numsecondsonsiteseventhree,numsecondsonsitethirtyseven,numtotalpageviewsthirtyseven,numatcone,numatcthreeone,numatcseventhree,numatcthirtyseven,numideaboardseventhree,dayssincelastvisit,numsearchtermsthreeone,numsearchtermsthirtyseven,percsecondsinbound,percemailopenedone,percemailopenedthreeone,percemailopenedseventhree,percemailopenedthirtyseven,dayssinceenrollment
597.2288022201299,0.042230666487319414,0.8295009663511571,1.5167748649586204,7.064572079885029,6.715322860399425,0.26815005698994004,0.5226225283710788,0.9359482630457406,4.0236879924674165,800.0262649288865,2599.3176569701172,11763.42759799792,105.08863174587442,0.07074186034986868,0.1275583527429506,0.2219386490906388,0.9666484959611478,0.12275137519203132,85.21336537985034,0.3710540661083304,2.7563803954606274,0.03314038632963434,0.17194665285378236,0.18599757482340615,0.18620927068106308,0.20502206082408378,86.73720204172655
